股票代號,股票名稱,,近240日成交量合計,近240日籌碼集中度
0050,元大台灣50,,4108337,-17.4
0051,元大中型100,,14713,-11.2
0052,富邦科技,,183348,-8
0053,元大電子,,3827,0.6
0054,- -,,4998,- -
0055,元大MSCI金融,,171893,-5.3
0056,元大高股息,,7376139,-36.2
0057,富邦摩台,,25427,0
0061,元大寶滬深,,66743,1.9
006201,元大富櫃50,,38337,-6.5
006203,元大MSCI台灣,,3150,-6.9
006204,永豐臺灣加權,,12608,0.3
006205,富邦上証,,337029,0.8
006206,元大上證50,,36303,3
006207,FH滬深,,100636,0.3
006208,富邦台50,,1276146,-22.4
00625K,富邦上証+R,,24,0
00631L,元大台灣50正2,,1814354,-1.9
00632R,元大台灣50反1,,51757086,-0.5
00633L,富邦上証正2,,3287740,-1.1
00634R,富邦上証反1,,412270,2
00635U,期元大S&P黃金,,198003,3.5
00636,國泰中國A50,,321321,0.2
00636K,國泰中國A50+U,,18,0
00637L,元大滬深300正2,,24689543,-1
00638R,元大滬深300反1,,413769,1
00639,富邦深100,,233809,-0.2
00640L,富邦日本正2,,128678,-0.2
00641R,富邦日本反1,,170363,-3.7
00642U,期元大S&P石油,,1831667,16.2
00643,群益深証中小,,129316,0.6
00645,富邦日本,,54018,0.4
00646,元大S&P500,,304642,-6.9
00647L,元大S&P500正2,,134742,-2
00648R,元大S&P500反1,,1177233,-2
00650L,FH香港正2,,2299947,-1.5
00651R,FH香港反1,,313632,-1.7
00652,富邦印度,,46594,1.3
00653L,富邦印度正2,,125413,1.1
00654R,富邦印度反1,,195757,-3
00655L,國泰中國A50正2,,1156182,-1.1
00656R,國泰中國A50反1,,215828,0.2
00657,國泰日經225,,8138,0.1
00657K,國泰日經225+U,,26,0
00660,元大歐洲50,,7656,-0.1
00661,元大日經225,,4068,0.1
00662,富邦NASDAQ,,269331,-21.3
00663L,國泰臺灣加權正2,,78888,0
00664R,國泰臺灣加權反1,,3434372,-0.4
00665L,富邦恒生國企正2,,3132593,-3.2
00666R,富邦恒生國企反1,,155076,-0.3
00668,國泰美國道瓊,,26865,1.2
00668K,國泰美國道瓊+U,,10,0
00669R,國泰美國道瓊反1,,2238665,-7
00670L,富邦NASDAQ正2,,961634,-5.7
00671R,富邦NASDAQ反1,,5081082,-1.5
00673R,期元大S&P原油反1,,10631796,-2.8
00674R,期元大S&P黃金反1,,306703,-6.3
00675L,富邦臺灣加權正2,,368866,-2.4
00676R,富邦臺灣加權反1,,3060336,-1.3
00678,群益NBI生技,,169974,2
00679B,元大美債20年,,1235887,-26
00680L,元大美債20正2,,433281,-18.7
00681R,元大美債20反1,,137653,-0.8
00682U,期元大美元指數,,55975,0.2
00683L,期元大美元指正2,,316392,-2.6
00684R,期元大美元指反1,,9883,-0.3
00685L,群益臺灣加權正2,,18405,-3.5
00686R,群益臺灣加權反1,,320643,-0.4
00687B,國泰20年美債,,205975,-1.6
00688L,國泰20年美債正2,,198590,-7.6
00689R,國泰20年美債反1,,63554,0.1
00690,兆豐藍籌30,,91309,-11.2
00692,富邦公司治理,,966702,-14.6
00693U,期街口S&P黃豆,,114341,6.9
00694B,富邦美債1-3年,,77557,0.6
00695B,富邦美債7-10年,,84784,0.4
00696B,富邦美債20年,,96889,-2.2
00697B,元大美債7-10,,159704,-1.1
00700,富邦恆生國企,,137509,-1.9
00701,國泰股利精選30,,693574,-18.3
00702,國泰標普低波高息,,63534,0.4
00703,台新MSCI中國,,62630,-0.3
00706L,期元大S&P日圓正2,,492785,-8.3
00707R,期元大S&P日圓反1,,6529,-0.1
00708L,期元大S&P黃金正2,,415198,3.9
00709,富邦歐洲,,47263,0.1
00710B,FH彭博非投等債,,150255,2.1
00711B,FH彭博新興債,,66608,-1.1
00712,FH富時不動產,,1052022,-23.1
00713,元大台灣高息低波,,650687,-22.3
00714,群益道瓊美國地產,,206998,-12
00715L,期街口S&P布蘭特油正2,,7607716,1.3
00717,富邦美國特別股,,177969,6.5
00718B,富邦中國政策債,,66872,5.7
00719B,元大美債1-3,,109999,-3.4
00720B,元大投資級公司債,,350628,-31
00721B,元大中國債3-5,,74067,0.3
00722B,群益15年IG電信債,,73597,-2.9
00723B,群益15年IG科技債,,54926,-0.3
00724B,群益10年IG金融債,,85367,-8
00725B,國泰投資級公司債,,146749,-8.3
00726B,國泰5Y+新興債,,57196,-0.8
00727B,國泰1-5Y非投等債,,82812,-0.5
00728,第一金工業30,,205974,-28.2
00730,富邦臺灣優質高息,,85633,-8.5
00731,FH富時高息低波,,513201,1.3
00732,國泰RMB短期報酬,,51822,0
00733,富邦臺灣中小,,130130,-2.2
00734B,台新JPM新興債,,487244,-0.1
00735,國泰臺韓科技,,55207,0
00736,國泰新興市場,,53736,0
00737,國泰AI+ROBO,,76804,-0.3
00738U,期元大道瓊白銀,,322494,2.6
00739,元大MSCI A股,,44143,4.6
00740B,富邦全球投等債,,87488,-1.8
00741B,富邦全球非投等債,,60429,0.1
00742,- -,,10923,- -
00743,- -,,6876,- -
00744B,國泰中國政金債5+,,53334,0
00745B,- -,,48720,- -
00746B,富邦A級公司債,,64931,-0.4
00747B,- -,,50195,- -
00748B,凱基中國債3-10,,48680,0
00749B,凱基新興債10+,,53281,0
00750B,凱基科技債10+,,48780,0
00751B,元大AAA至A公司債,,300378,-30.3
00752,中信中國50,,855898,-4.4
00753L,中信中國50正2,,2527676,-5
00754B,群益AAA-AA公司債,,56683,0
00755B,群益15年IG公用債,,62629,-0.7
00756B,群益15年EM主權債,,65032,-6
00757,統一FANG+,,384262,-7.7
00758B,FH能源債,,49980,0
00759B,FH製藥債,,53266,0
00760B,FH新興企業債,,50517,0
00761B,國泰A級公司債,,94046,-1.7
00762,元大全球AI,,170338,-2.7
00763U,期街口道瓊銅,,43082,2
00764B,群益25年美債,,54625,0
00765B,群益中國政金債,,51339,-0.1
00768B,FH20年美債,,50574,0
00770,國泰北美科技,,63324,-2.1
00771,元大US高息特別股,,22842,-3.3
00772B,中信高評級公司債,,657448,-23.5
00773B,中信優先金融債,,400722,-10.5
00774B,新光中國政金綠債,,1793,1
00774C,新光中政金綠債+R,,7808,0
00775B,新光投等債15+,,22539,0
00777B,凱基AAA至A公司債,,50168,0
00778B,凱基金融債20+,,50258,0
00779B,凱基美債25+,,49551,0
00780B,國泰A級金融債,,52216,0
00781B,國泰A級科技債,,55154,0
00782B,國泰A級公用債,,54404,-0.9
00783,富邦中証500,,112053,0.1
00784B,富邦中國投等債,,50982,0
00785B,富邦金融投等債,,53414,0
00786B,元大10年IG銀行債,,59780,-1
00787B,元大10年IG醫療債,,63549,-0.2
00788B,元大10年IG電能債,,60859,-0.5
00789B,FH公司債A3,,48388,0
00790B,FH次順位IG金融債,,51924,0
00791B,FH美元信用債1-5Y,,49502,0
00792B,群益A級公司債,,56498,0
00793B,群益AAA-A醫療債,,57107,-1.3
00794B,群益7+中國政金債,,53624,0
00795B,中信美國公債20年,,319406,-1.8
00796B,- -,,40712,- -
00799B,國泰A級醫療債,,51158,-0.1
008201,- -,,4307,- -
00830,國泰費城半導體,,2298192,-12.1
00831B,新光美債1-3,,3986,0
00834B,第一金金融債10+,,62450,0
00836B,永豐10年A公司債,,52542,-0.1
00838B,- -,,24803,- -
00840B,凱基IG精選15+,,48350,0
00841B,凱基AAA-AA公司債,,48816,0
00842B,台新美元銀行債,,53964,0
00843B,- -,,16724,- -
00844B,新光15年IG金融債,,1100,0
00845B,富邦新興投等債,,46841,0
00846B,富邦歐洲銀行債,,51608,0
00847B,中信美國市政債,,104030,-0.2
00848B,中信新興亞洲債,,58840,0
00849B,中信EM主權債0-5,,53066,0
00850,元大臺灣ESG永續,,374312,-4.3
00851,台新全球AI,,14923,-1.8
00852L,國泰美國道瓊正2,,392676,-0.4
00853B,統一美債10年Aa-A,,67053,-0.6
00856B,永豐1-3年美公債,,50863,0
00857B,永豐20年美公債,,54591,-0.8
00858,永豐美國500大,,131208,-1.2
00859B,群益0-1年美債,,63644,0
00860B,群益1-5年IG債,,55391,0
00861,元大全球未來通訊,,195183,11.4
00862B,中信投資級公司債,,205026,-1.8
00863B,中信全球電信債,,53224,0
00864B,中信美國公債0-1,,93835,0
00865B,國泰US短期公債,,52971,1.5
00867B,新光A-BBB電信債,,1294,0
00870B,元大15年EM主權債,,53434,-0.3
00875,國泰網路資安,,120506,3.2
00876,元大全球5G,,558743,0.6
00877,FH中國5G,,613839,-4.7
00878,國泰永續高股息,,14081505,-38.1
00881,國泰台灣5G+,,5382099,-22.7
00882,中信中國高股息,,2741520,-18.1
00883B,中信ESG投資級債,,102030,-0.1
00884B,中信低碳新興債,,103888,0
00885,富邦越南,,3943866,-20.3
00886,永豐美國科技,,90910,-0.6
00887,永豐中國科技50大,,113855,-2.8
00888,永豐台灣ESG,,712496,-10.5
00889B,- -,,20638,- -
00890B,凱基ESG BBB 債 15+,,48448,0
00891,中信關鍵半導體,,4397592,-18.6
00892,富邦台灣半導體,,2513474,-13.4
00893,國泰智能電動車,,6902198,-12.8
00894,中信小資高價30,,845993,-13.7
00895,富邦未來車,,1736099,-8.6
00896,中信綠能及電動車,,782717,-2.8
00897,富邦基因免疫生技,,920126,4.3
00898,國泰基因免疫革命,,392452,15.3
00899,FT潔淨能源,,311473,4.7
00900,富邦特選高股息30,,4399075,-25.1
00901,永豐智能車供應鏈,,380564,-6.1
00902,中信電池及儲能,,2483335,-8.6
00903,富邦元宇宙,,1707796,-11.3
00904,新光臺灣半導體30,,585885,-6
00905,FT臺灣SMART,,411924,-10.4
00906,大華元宇宙科技50,,72209,4.6
00907,永豐優息存股,,398153,-3.9
00908,富邦入息REITs+,,333738,1.1
00909,國泰數位支付服務,,286209,16.1
00910,第一金太空衛星,,49618,-1.2
00911,兆豐洲際半導體,,67563,1.6
00912,中信臺灣智慧50,,270236,-3.1
00913,兆豐台灣晶圓製造,,70735,0.9
00915,凱基優選高股息30,,273264,2.7
00916,國泰全球品牌50,,230800,16.6
00917,中信特選金融,,297650,6.5
00918,大華優利高填息30,,46504,-2.4
00919,群益台灣精選高息,,464308,22.1
00920,富邦ESG綠色電力,,262138,1.6
01001T,土銀富邦R1,,35028,0.6
01002T,土銀國泰R1,,234672,1
01003T,兆豐新光R1,,253135,0.4
01004T,土銀富邦R2,,61377,1.1
01007T,兆豐國泰R2,,78528,0.4
01009T,王道圓滿R1,,11519,-0.4
01010T,京城樂富R1,,56911,1.3
020000,富邦特選蘋果N,,3348,0.2
020001,富邦存股雙十N,,1973,0
020002,元富新中國N,,1404,0
020007,凱基臺灣500N,,260,0
020011,統一微波高息20N,,1778,0
020012,富邦行動通訊N,,2288,0.8
020015,統一MSCI美低波N,,44,0
020016,統一MSCI美科技N,,2442,0
020018,統一價值成長30N,,7523,0.8
020019,統一特選台灣5GN,,5447,1.6
02001B,統一美國政府債N,,9902,0
02001L,富邦蘋果正二N,,34485,0
02001R,富邦蘋果反一N,,23305,0
02001S,策元大加權策略N,,3726,-7.4
020020,元大台股領航N,,57512,6.3
020022,元大電動車N,,131927,35
020023,元大櫃買半導體N,,85315,-1.2
020024,兆豐富櫃200N,,13742,0
020025,統一亞洲半導體N,,44507,1.3
020026,兆豐上櫃ESG電菁N,,1882,0
020027,元大上櫃ESG成長N,,86364,-1
020028,元大特選電動車N,,100161,9
020029,元大ESG高股息N,,124388,-4.6
02002L,兆豐富櫃200正二N,,108008,0
020030,統一智慧電動車N,,162402,-2.2
020031,統一IC設計臺灣N,,321030,-5.2
020032,元大綠能N,,83823,-8.3
020033,統一恒生科期N,,199082,-0.3
020034,元大IC設計N,,144932,-5.5
020035,元大上櫃ESG高息N,,8695,-8.9
1101,台泥,,6820319,-13.1
1101B,台泥乙特,,15732,-1
1102,亞泥,,2611066,0.3
1103,嘉泥,,95648,3.4
1104,環泥,,133390,-0.7
1108,幸福,,49690,2.6
1109,信大,,48048,-6.1
1110,東泥,,121101,1.1
1201,味全,,149402,2
1203,味王,,11815,9.4
1210,大成,,272268,-3.5
1213,大飲,,10742,1.2
1215,卜蜂,,97416,-3
1216,統一,,3135686,-1
1217,愛之味,,561206,1.8
1218,泰山,,433759,4.3
1219,福壽,,602747,-2
1220,台榮,,304615,-0.3
1225,福懋油,,19917,7.5
1227,佳格,,167943,-7.1
1229,聯華,,413284,-4.9
1231,聯華食,,73321,-1.8
1232,大統益,,19551,-8
1233,天仁,,5105,10.5
1234,黑松,,45972,-17.9
1235,興泰,,10823,3.4
1236,宏亞,,121050,-1.7
1240,茂生農經,,41440,-0.4
1256,鮮活果汁-KY,,5077,0.6
1258,其祥-KY,,185699,-0.3
1259,安心,,3123,14
1264,德麥,,2757,-21.8
1268,漢來美食,,11924,-2.9
1301,台塑,,3359860,-7.3
1303,南亞,,3295269,-5
1304,台聚,,950471,-3.3
1305,華夏,,535570,2.9
1307,三芳,,25158,0.6
1308,亞聚,,716670,0
1309,台達化,,171097,-0.6
1310,台苯,,163231,-2.1
1312,國喬,,1034955,2.1
1312A,國喬特,,3888,-3.1
1313,聯成,,469518,-0.6
1314,中石化,,3235428,0
1315,達新,,6762,5.7
1316,上曜,,1036818,-0.6
1319,東陽,,1580139,1.6
1321,大洋,,49535,-0.1
1323,永裕,,28544,7.5
1324,地球,,15100,2.9
1325,恆大,,217222,0.4
1326,台化,,1486002,-2.8
1336,台翰,,85319,4.3
1337,再生-KY,,145950,3.8
1338,廣華-KY,,70580,1.4
1339,昭輝,,54816,2.2
1340,勝悅-KY,,25021,7.3
1341,富林-KY,,4329,-3.3
1342,八貫,,164905,-1.1
1402,遠東新,,3499897,5.5
1409,新纖,,586375,-3.7
1410,南染,,134678,-1.4
1413,宏洲,,46954,0.3
1414,東和,,80932,12.2
1416,廣豐,,53402,7.4
1417,嘉裕,,339237,-1.6
1418,東華,,15869,0.7
1419,新紡,,20846,-4
1423,利華,,39302,5
1432,大魯閣,,138665,-3
1434,福懋,,460076,-12
1435,- -,,21998,13.3
1436,華友聯,,18431,0
1437,勤益控,,87115,-1.6
1438,三地開發,,22330,3
1439,雋揚,,11911,5.8
1440,南紡,,619941,0
1441,大東,,16250,5.8
1442,名軒,,195093,2.7
1443,立益物流,,39208,0.8
1444,力麗,,587742,2.2
1445,大宇,,27049,1.7
1446,宏和,,35736,-1
1447,力鵬,,299794,0.4
1449,佳和,,91493,-1
1451,年興,,91095,1.4
1452,宏益,,40327,-0.9
1453,大將,,441370,-0.6
1454,台富,,80887,1
1455,集盛,,345687,7.4
1456,怡華,,25270,3.5
1457,宜進,,95524,7.9
1459,聯發,,79409,2.8
1460,宏遠,,179280,-2.2
1463,強盛,,20557,19.3
1464,得力,,80025,-2.3
1465,偉全,,16035,9.2
1466,聚隆,,34442,8.5
1467,南緯,,701024,-0.2
1468,昶和,,24597,0.4
1470,大統新創,,22422,-1.8
1471,首利,,160812,0.7
1472,三洋實業,,5717,0.7
1473,台南,,45949,7.5
1474,弘裕,,77406,5.4
1475,業旺,,25312,-2.9
1476,儒鴻,,351436,-0.7
1477,聚陽,,705107,0
1503,士電,,84783,3
1504,東元,,1026817,-5.9
1506,正道,,138745,-0.2
1507,- -,,9406,- -
1512,瑞利,,40995,-1.5
1513,中興電,,3086334,1.7
1514,亞力,,741308,-0.2
1515,力山,,264674,-0.9
1516,川飛,,157952,-1.3
1517,利奇,,280665,-1
1519,華城,,564929,1.7
1521,大億,,11270,0.6
1522,堤維西,,1465702,-0.2
1522A,堤維西甲特,,1317,28.1
1524,耿鼎,,3494455,-0.4
1525,江申,,10664,4.9
1526,日馳,,122427,0.5
1527,鑽全,,76261,0.3
1528,恩德,,202179,-1.9
1529,樂事綠能,,880354,-1.1
1530,亞崴,,5804,-7.6
1531,高林股,,31234,-0.6
1532,勤美,,104521,-1.2
1533,車王電,,333755,-0.3
1535,中宇,,13744,-0.9
1536,和大,,457217,-2.2
1537,廣隆,,22975,-2.9
1538,正峰,,6078,0.1
1539,巨庭,,564712,-0.4
1540,喬福,,63914,0.4
1541,錩泰,,43741,-2.4
1558,伸興,,19322,-5.7
1560,中砂,,2260152,-0.4
1565,精華,,31289,-7.3
1568,倉佑,,416139,-0.1
1569,濱川,,116607,-0.8
1570,力肯,,37910,2.6
1580,新麥,,18894,-14.4
1582,信錦,,40820,-5.2
1583,程泰,,2999,2.7
1584,精剛,,896836,-1.9
1586,和勤,,44130,8
1587,吉茂,,54166,1.7
1589,永冠-KY,,132546,1.5
1590,亞德客-KY,,235166,0.5
1591,駿吉-KY,,116759,-1.1
1593,祺驊,,11069,2.6
1595,川寶,,8138,3.9
1597,直得,,26955,3.8
1598,岱宇,,73549,3.6
1599,宏佳騰,,64631,1.3
1603,華電,,142946,0.2
1604,聲寶,,111157,2.7
1605,華新,,15121097,1.1
1608,華榮,,305991,-0.8
1609,大亞,,1645743,0.2
1611,中電,,917942,-0.9
1612,宏泰,,412195,-1.5
1614,三洋電,,29807,4.3
1615,大山,,13991,-1.6
1616,億泰,,72137,0.4
1617,榮星,,18514,17.3
1618,合機,,129153,0.8
1626,艾美特-KY,,49381,-1.4
1701,中化,,502424,0.8
1702,南僑,,61108,-0.8
1707,葡萄王,,86304,-1.2
1708,東鹼,,4128502,0
1709,和益,,953866,-2.8
1710,東聯,,471819,2.8
1711,永光,,700528,1.4
1712,興農,,1013430,0.6
1713,國化,,20266,7
1714,和桐,,560597,-4.6
1717,長興,,870934,-2
1718,中纖,,650405,3.2
1720,生達,,265817,-0.6
1721,三晃,,820164,-0.1
1722,台肥,,1130787,0.1
1723,中碳,,132958,2
1725,元禎,,62957,-0.4
1726,永記,,6943,-8.9
1727,中華化,,502887,-0.4
1730,花仙子,,6306,-0.1
1731,美吾華,,98237,2.4
1732,毛寶,,897454,0.1
1733,五鼎,,113484,1
1734,杏輝,,562589,0.8
1735,日勝化,,4806,-1.6
1736,喬山,,293195,2.7
1737,臺鹽,,42433,-0.7
1742,台蠟,,35976,2.5
1752,南光,,350686,-0.2
1760,寶齡富錦,,2359539,0.6
1762,中化生,,231108,-1.1
1773,勝一,,164296,-1.2
1776,展宇,,8130,-3.2
1777,生泰,,19357,2.7
1781,合世,,30000,0.3
1783,和康生,,179907,-1.9
1784,訊聯,,48056,3.8
1785,光洋科,,542540,0.5
1786,科妍,,42416,-0.5
1788,杏昌,,7868,-2.1
1789,神隆,,346429,1.2
1795,美時,,2768870,0.9
1796,金穎生技,,18063,-1.9
1799,易威,,18385,6.2
1802,台玻,,2096462,2.3
1805,寶徠,,10685,3.4
1806,冠軍,,179467,-0.4
1808,潤隆,,129535,4.4
1809,中釉,,116703,-0.5
1810,和成,,637057,-2.7
1813,寶利徠,,26441,14
1815,富喬,,376758,-0.5
1817,凱撒衛,,18978,-2.3
1903,士紙,,31641,3.2
1904,正隆,,380472,-3.1
1905,華紙,,304506,1.7
1906,寶隆,,210751,0
1907,永豐餘,,489655,0.1
1909,榮成,,676878,-2.6
2002,中鋼,,11647901,0.2
2002A,中鋼特別股,,9650,-6.6
2006,東和鋼鐵,,1197157,2.2
2007,燁興,,476230,-0.4
2008,高興昌,,19778,12.3
2009,第一銅,,766608,-0.1
2010,春源,,315247,2.2
2012,春雨,,59119,5.1
2013,中鋼構,,219229,5.7
2014,中鴻,,3664291,-0.5
2015,豐興,,112747,-2.7
2017,官田鋼,,230544,-2.3
2020,美亞,,109934,-1.1
2022,聚亨,,252112,0.6
2023,燁輝,,1347220,0.9
2024,志聯,,81387,0.5
2025,千興,,90116,12.1
2027,大成鋼,,3829235,2.1
2028,威致,,315912,0.7
2029,盛餘,,258148,0.4
2030,彰源,,1077914,0.4
2031,新光鋼,,702901,1.6
2032,新鋼,,548050,-0.2
2033,佳大,,330765,-0.1
2034,允強,,604569,-0.2
2035,唐榮,,26323,0.2
2038,海光,,386699,0.2
2049,上銀,,683954,-5.5
2059,川湖,,92122,-4.7
2061,風青,,29266,5.4
2062,橋椿,,59044,-1.5
2063,世鎧,,37580,1.4
2064,晉椿,,129433,0.1
2065,世豐,,26011,4.4
2066,世德,,49668,-2.9
2067,嘉鋼,,7600,12.9
2069,運錩,,279228,-0.1
2070,精湛,,14668,5.7
2101,南港,,388393,0.5
2102,泰豐,,308316,-5.2
2103,台橡,,497355,-7.2
2104,國際中橡,,487265,-5.1
2105,正新,,1276681,2.6
2106,建大,,318842,1.8
2107,厚生,,60485,4.4
2108,南帝,,388165,-3.5
2109,華豐,,22651,6.4
2114,鑫永銓,,15728,0.6
2115,六暉-KY,,13969,-3.1
2201,裕隆,,2352670,1.1
2204,中華,,454065,-5.1
2206,三陽工業,,819030,2.2
2207,和泰車,,95767,0.5
2208,台船,,437452,1.5
2211,長榮鋼,,204401,5.5
2221,大甲,,44824,0.3
2227,裕日車,,14819,-0.9
2228,劍麟,,42675,2.8
2230,泰茂,,201734,-0.8
2231,為升,,129047,-0.3
2233,宇隆,,200684,-1.8
2235,謚源,,6472,3.3
2236,百達-KY,,31053,-7.7
2239,英利-KY,,32168,-0.8
2241,艾姆勒,,22500,3.6
2243,宏旭-KY,,142234,-0.2
2247,汎德永業,,8362,-0.3
2250,IKKA-KY,,12016,2.3
2301,光寶科,,2971441,0.4
2302,麗正,,217082,1
2303,聯電,,21448009,-4
2305,全友,,1417760,1.8
2308,台達電,,2157041,1.2
2312,金寶,,2470668,2.5
2313,華通,,4490894,2.1
2314,台揚,,648333,-2.4
2316,楠梓電,,77194,7.4
2317,鴻海,,10058708,-4.3
2321,東訊,,4108,11.4
2323,中環,,1655486,-0.9
2324,仁寶,,5672201,-0.8
2327,國巨,,805368,1.2
2328,廣宇,,628955,2.7
2329,華泰,,556177,-1
2330,台積電,,12403281,-7.1
2331,精英,,706913,5
2332,友訊,,521723,-0.4
2337,旺宏,,3317097,3.7
2338,光罩,,1379628,1.4
2340,台亞,,1433733,-1.1
2342,茂矽,,303936,1.3
2344,華邦電,,6650983,-0.9
2345,智邦,,1135139,0
2347,聯強,,1919807,1
2348,海悅,,36377,-0.6
2348A,海悅特甲,,1704,2.7
2349,錸德,,266817,-1.9
2351,順德,,634838,-0.8
2352,佳世達,,1353067,-0.5
2353,宏碁,,4717600,-0.6
2354,鴻準,,1099280,-6
2355,敬鵬,,360463,1.8
2356,英業達,,3450110,2.9
2357,華碩,,1087371,-2.6
2358,廷鑫,,617657,-0.9
2359,所羅門,,1284867,-0.3
2360,致茂,,392144,-1
2362,藍天,,95058,3.5
2363,矽統,,630590,-0.3
2364,倫飛,,315818,0.5
2365,昆盈,,112015,4.3
2367,燿華,,2052141,0.1
2368,金像電,,3334807,1.1
2369,菱生,,351267,2.5
2371,大同,,3698877,8.9
2373,震旦行,,13071,-17.2
2374,佳能,,550263,0.7
2375,凱美,,134607,3.3
2376,技嘉,,2316682,-1.6
2377,微星,,1533955,-0.8
2379,瑞昱,,1135514,-2.8
2380,虹光,,164270,0.3
2382,廣達,,3030969,-2.8
2383,台光電,,863872,-0.5
2385,群光,,677859,3.5
2387,精元,,152216,-0.3
2388,威盛,,3178263,-0.3
2390,云辰,,404158,0.1
2392,正崴,,240967,2.5
2393,億光,,471747,-3.6
2395,研華,,371955,0.1
2397,友通,,5711,3.2
2399,映泰,,429340,-1.5
2401,凌陽,,740859,0.2
2402,毅嘉,,449922,-0.1
2404,漢唐,,164691,2.3
2405,輔信,,949866,-0.9
2406,國碩,,862891,-2.8
2408,南亞科,,3325903,-1.9
2409,友達,,16732800,0.7
2412,中華電,,3694002,-0.1
2413,環科,,338154,0.7
2414,精技,,33886,-9
2415,錩新,,50078,-2.2
2417,圓剛,,294980,0.3
2419,仲琦,,1011766,0.1
2420,新巨,,40184,-11.1
2421,建準,,443183,3.3
2423,固緯,,65689,1.5
2424,隴華,,7655,-2.3
2425,承啟,,314953,0.6
2426,鼎元,,344459,2.8
2427,三商電,,139953,2.8
2428,興勤,,102127,-3.3
2429,銘旺科,,6070,-5.8
2430,燦坤,,77353,-1.6
2431,聯昌,,53764,1.1
2433,互盛電,,6866,-6.4
2434,統懋,,12594,0.1
2436,偉詮電,,615320,-1.1
2438,翔耀,,13788,8.1
2439,美律,,230841,0.4
2440,太空梭,,65271,1.2
2441,超豐,,462787,-9.7
2442,新美齊,,269180,3.6
2443,昶虹,,22333,7.9
2444,兆勁,,179758,0.3
2449,京元電子,,2129747,-1.9
2450,神腦,,28399,-2.5
2451,創見,,123848,-3
2453,凌群,,59857,-1
2454,聯發科,,2261625,-3.1
2455,全新,,673998,-3.3
2457,飛宏,,1432335,0.1
2458,義隆,,556713,-2
2459,敦吉,,17987,-8.5
2460,建通,,79169,0
2461,光群雷,,184663,1.4
2462,良得電,,348253,-0.5
2464,盟立,,67750,-1.1
2465,麗臺,,462684,0
2466,冠西電,,33784,0.1
2467,志聖,,48702,4.8
2468,華經,,432366,-0.3
2471,資通,,27598,2.3
2472,立隆電,,84805,2.4
2474,可成,,1124318,5.6
2476,鉅祥,,503221,-1.2
2477,美隆電,,72464,2
2478,大毅,,43442,4.3
2480,敦陽科,,80685,-1.6
2481,強茂,,1716732,-2.9
2482,連宇,,1159449,0.1
2483,百容,,143436,-0.4
2484,希華,,611343,0
2485,兆赫,,204245,-0.4
2486,一詮,,510279,-0.3
2488,漢平,,34263,3.5
2489,瑞軒,,529928,-2.5
2491,吉祥全,,56698,-0.6
2492,華新科,,490171,-1.5
2493,揚博,,44182,6
2495,普安,,362740,3.6
2496,卓越,,6009,-0.9
2497,怡利電,,1399062,-0.5
2498,宏達電,,7564676,-0.3
2501,國建,,145676,-12.4
2504,國產,,858311,1.4
2505,國揚,,65058,11.7
2506,太設,,90528,1.1
2509,全坤建,,23390,11.7
2511,太子,,215704,3.3
2514,龍邦,,37246,8.1
2515,中工,,1102928,0.5
2516,新建,,48111,-0.6
2520,冠德,,298648,-6.8
2524,京城,,44594,5
2527,宏璟,,75434,-10.2
2528,皇普,,41082,-5.1
2530,華建,,204458,0.3
2534,宏盛,,391962,1.9
2535,達欣工,,128450,-0.1
2536,宏普,,79188,10.1
2537,聯上發,,407499,-5.6
2538,基泰,,303583,10.3
2539,櫻花建,,82484,-4.7
2540,愛山林,,85824,-1.2
2542,興富發,,1820929,-6.5
2543,皇昌,,70803,-0.4
2545,皇翔,,188901,1
2546,根基,,25300,-1.3
2547,日勝生,,230632,4.1
2548,華固,,150425,-8.7
2596,綠意,,18976,-18.7
2597,潤弘,,42577,3.3
2601,益航,,816540,1.4
2603,長榮,,19971849,0.6
2605,新興,,1441527,0.8
2606,裕民,,2483945,1.3
2607,榮運,,2829115,0.3
2608,嘉里大榮,,331032,-0.2
2609,陽明,,12406918,-0.2
2610,華航,,22445175,-1.7
2611,志信,,671965,-0.6
2612,中航,,307179,0.2
2613,中櫃,,506731,-0.2
2614,東森,,1044928,-0.2
2615,萬海,,4895247,-0.7
2616,山隆,,34657,-11.8
2617,台航,,600382,0.3
2618,長榮航,,25718778,0.6
2630,亞航,,28530,1.8
2633,台灣高鐵,,1164453,0.8
2634,漢翔,,2068838,0.8
2636,台驊投控,,566668,1.1
2637,慧洋-KY,,3163382,0
2640,大車隊,,11869,9
2641,正德,,911709,-0.5
2642,宅配通,,406625,-0.2
2643,捷迅,,15528,1.4
2701,萬企,,35922,2.2
2702,華園,,130571,-1.4
2704,國賓,,103952,2.4
2705,六福,,111500,-1.7
2706,第一店,,54302,-1.8
2707,晶華,,213609,3.5
2712,遠雄來,,3750,-5.2
2718,晶悅,,1985,1.5
2719,燦星旅,,3716,-0.3
2722,夏都,,27442,0.2
2723,美食-KY,,277464,1.4
2724,富驛-KY,,1952,2
2726,雅茗-KY,,23547,-4.9
2727,王品,,115931,8.6
2729,瓦城,,9722,0.3
2731,雄獅,,452608,0.2
2732,六角,,92333,1.9
2734,易飛網,,89970,-0.6
2736,富野,,562967,-0.8
2739,寒舍,,12157,0.6
2740,天蔥,,4747,0.1
2743,山富,,642744,-0.3
2745,五福,,56743,-1.6
2748,雲品,,104925,2.1
2752,豆府,,8340,8
2753,八方雲集,,149722,3
2754,亞洲藏壽司,,74996,2.7
2755,揚秦,,4722,2.7
2756,聯發國際,,6291,-0.3
2801,彰銀,,3276835,0.5
2809,京城銀,,758442,-3.5
2812,台中銀,,1375063,-2.8
2816,旺旺保,,23880,1.8
2820,華票,,273141,-4.3
2832,台產,,41328,-0.1
2834,臺企銀,,9570379,3.2
2836,高雄銀,,266872,0.1
2836A,高雄銀甲特,,9445,-1.2
2838,聯邦銀,,969299,6.9
2838A,聯邦銀甲特,,37271,0.4
2841,- -,,122953,- -
2845,遠東銀,,1632183,0.7
2849,安泰銀,,34263,-5.1
2850,新產,,137170,-2.3
2851,中再保,,284207,-7
2852,第一保,,82073,-7.6
2855,統一證,,267580,-6.7
2867,三商壽,,2149206,-4.7
2880,華南金,,3629865,3.3
2881,富邦金,,6196203,-5.3
2881A,富邦特,,57293,0.8
2881B,富邦金乙特,,22732,-0.7
2881C,富邦金丙特,,17624,28.5
2882,國泰金,,8166755,-4
2882A,國泰特,,42644,-6.5
2882B,國泰金乙特,,25097,-1.7
2883,開發金,,13719336,-2.6
2883B,開發金乙特,,822364,-4.9
2884,玉山金,,8410567,-5.4
2885,元大金,,7855285,-6
2886,兆豐金,,7500800,-3.8
2887,台新金,,7854488,-7.7
2887E,台新戊特,,44062,-4
2887F,台新戊特二,,12502,-3.9
2887Z1,台新己特,,100676,2.2
2888,新光金,,14963705,-4.8
2888A,新光金甲特,,10325,-8.5
2888B,新光金乙特,,39111,-7
2889,國票金,,1360561,-7.8
2890,永豐金,,8977147,1.6
2891,中信金,,16751913,-2.3
2891B,中信金乙特,,6590,5
2891C,中信金丙特,,5278,8.8
2892,第一金,,5998014,3.3
2897,王道銀行,,1671436,-4.4
2897A,王道銀甲特,,86212,-1.1
2901,欣欣,,15494,-10.1
2903,遠百,,209915,0.9
2904,匯僑,,11586,-2.9
2905,三商,,120838,-9.8
2906,高林,,1220215,-1.6
2908,特力,,44807,-0.4
2910,統領,,8736,-2.9
2911,麗嬰房,,38086,-1.9
2912,統一超,,589861,0.4
2913,農林,,353380,11
2915,潤泰全,,1386771,2.3
2916,滿心,,10765,-6.3
2923,鼎固-KY,,18938,-3.4
2924,東凌-KY,,2050,1.5
2926,誠品生活,,12991,0.7
2929,淘帝-KY,,245611,-0.8
2936,- -,,9753,- -
2937,集雅社,,5526,-0.1
2939,凱羿-KY,,40783,1
2945,三商家購,,7417,-4.1
2947,振宇五金,,4107,-3.2
3002,歐格,,90998,1.9
3003,健和興,,242603,-1.7
3004,豐達科,,42741,4.5
3005,神基,,449718,-6.4
3006,晶豪科,,1891599,-2.1
3008,大立光,,196852,0.8
3010,華立,,140980,0.2
3011,今皓,,350225,1.6
3013,晟銘電,,288585,-0.1
3014,聯陽,,234734,-1.3
3015,全漢,,32918,1.9
3016,嘉晶,,616565,-1.2
3017,奇鋐,,2591629,0.8
3018,- -,,54543,0.4
3019,亞光,,272477,1.5
3021,鴻名,,66731,-0.9
3022,威強電,,440311,2.3
3023,信邦,,192130,2.2
3024,憶聲,,205136,3.5
3025,星通,,247712,0.1
3026,禾伸堂,,64113,-2.9
3027,盛達,,695026,1
3028,增你強,,137675,-7.6
3029,零壹,,91279,-2.4
3030,德律,,184352,-0.6
3031,佰鴻,,45927,4.5
3032,偉訓,,17533,3.7
3033,威健,,470896,-3.4
3034,聯詠,,1710319,-2.7
3035,智原,,5983156,-0.4
3036,文曄,,1141881,-1.6
3036A,文曄甲特,,18316,-3.4
3037,欣興,,8161624,-2.2
3038,全台,,194168,5.4
3040,遠見,,8958,6.2
3041,揚智,,519315,0.1
3042,晶技,,505669,2.2
3043,科風,,114246,7.1
3044,健鼎,,460239,-0.6
3045,台灣大,,1551589,1
3046,建碁,,791668,-0.2
3047,訊舟,,1794260,0
3048,益登,,211837,-3.4
3049,和鑫,,789007,-2
3050,鈺德,,536513,2.9
3051,力特,,508261,0.4
3052,夆典,,43552,13.2
3054,立萬利,,15842,7.5
3055,蔚華科,,33165,0
3056,總太,,258595,-1.8
3057,喬鼎,,28047,-4.7
3058,立德,,50390,-0.9
3059,華晶科,,1123008,-0.6
3060,銘異,,79941,2.1
3062,建漢,,1723386,-0.6
3064,泰偉,,1294,1.8
3066,李洲,,72701,-0.3
3067,全域,,1873,0.1
3071,協禧,,73661,1.3
3073,天方能源,,4206,2.5
3078,僑威,,64650,-0.2
3081,聯亞,,406554,-2.4
3083,網龍,,120657,0
3085,新零售,,7932,9.8
3086,華義,,72753,-0.1
3088,艾訊,,142289,0
3089,億杰,,23159,-10.9
3090,日電貿,,66400,2.3
3092,鴻碩,,276144,-0.3
3093,港建*,,105744,-1.2
3094,聯傑,,143668,1.7
3095,及成,,19998,6.4
3105,穩懋,,1123708,-3.4
3114,好德,,47941,1.1
3115,富榮綱,,8221,-1
3118,進階,,10744,-3.2
3122,笙泉,,216431,-0.4
3128,昇銳,,648911,0
3130,一零四,,4126,-16.1
3131,弘塑,,28691,-6.2
3138,耀登,,129116,-0.8
3141,晶宏,,1174796,-1.2
3147,大綜,,57963,0.1
3149,正達,,170526,-5.4
3152,璟德,,33726,-0.5
3162,精確,,295684,-0.3
3163,波若威,,633402,-0.1
3164,景岳,,61750,-0.4
3167,大量,,57064,-7.3
3169,亞信,,461506,-0.9
3171,新洲,,9303,-3.9
3176,基亞,,72052,-0.8
3178,公準,,38683,1.2
3188,鑫龍騰,,39988,3.7
3189,景碩,,3233298,-2.6
3191,和進,,24517,10.5
3202,樺晟,,81153,1.2
3205,佰研,,243895,0
3206,志豐,,16476,-0.7
3207,耀勝,,650022,0
3209,全科,,317007,0.2
3211,順達,,115695,-3.6
3213,茂訊,,16091,-3.9
3217,優群,,188681,-3.4
3218,大學光,,140922,1.2
3219,倚強科,,19196,-1.4
3221,台嘉碩,,378503,-1.3
3224,三顧,,88775,-2.7
3226,至寶電,,1007,8.6
3227,原相,,109346,1.8
3228,金麗科,,348000,-0.9
3229,晟鈦,,27549,3.8
3230,錦明,,101178,1.1
3231,緯創,,4592061,-0.8
3232,昱捷,,126577,4.3
3234,光環,,214507,0.4
3236,千如,,103444,1.4
3252,海灣,,132874,-1.2
3257,虹冠電,,70609,-2.9
3259,鑫創,,15904,-2.9
3260,威剛,,563928,1.2
3264,欣銓,,737255,-1.4
3265,台星科,,425590,-0.4
3266,昇陽,,77917,-1.2
3268,海德威,,26637,1.3
3272,東碩,,162312,1.7
3276,宇環,,73607,2.1
3284,太普高,,24728,-1.8
3285,微端,,21739,1.7
3287,廣寰科,,53627,0.4
3288,點晶,,4540,13.8
3289,宜特,,568087,1.8
3290,東浦,,138007,0.7
3293,鈊象,,171512,0.2
3294,英濟,,134133,1.4
3296,勝德,,238508,-0.5
3297,杭特,,75805,-0.7
3303,岱稜,,66054,-0.6
3305,昇貿,,308907,-1.1
3306,鼎天,,75174,0.7
3308,聯德,,21405,-0.4
3310,佳穎,,31464,1.7
3311,閎暉,,13811,10.3
3312,弘憶股,,145989,-2.8
3313,斐成,,41674,-2.3
3317,尼克森,,141219,-0.2
3321,同泰,,46304,-2.2
3322,建舜電,,358291,0.9
3323,加百裕,,48612,3.2
3324,雙鴻,,751748,-0.1
3325,旭品,,31025,4.4
3332,幸康,,10282,-0.4
3338,泰碩,,143243,1.1
3339,泰谷,,96346,0.6
3346,麗清,,244656,0.2
3349,寶德,,6491,7.6
3354,律勝,,285113,-0.1
3356,奇偶,,567096,-0.1
3357,臺慶科,,19298,6.1
3360,尚立,,39787,1.8
3362,先進光,,396405,0.4
3363,上詮,,68930,-1.1
3372,典範,,100948,-2.6
3373,熱映,,54258,0.9
3374,精材,,615979,1.4
3376,新日興,,116595,-0.1
3379,彬台,,27455,3.1
3380,明泰,,563493,1.8
3383,- -,,67472,- -
3388,崇越電,,12124,-5.5
3390,旭軟,,184796,-0.3
3402,漢科,,101441,1.2
3406,玉晶光,,683059,-1.3
3413,京鼎,,201627,-1.7
3416,融程電,,15456,-7.6
3419,譁裕,,357464,-0.4
3426,台興,,1564,9.4
3430,奇鈦科,,37381,-2.6
3432,台端,,227759,-0.5
3434,哲固,,250510,-0.5
3437,榮創,,160973,1.7
3438,類比科,,48470,-3
3441,聯一光,,236108,0
3443,創意,,1150532,0.1
3444,利機,,184202,2.8
3447,展達,,22620,-4
3450,聯鈞,,58218,1.2
3454,晶睿,,929113,0.8
3455,由田,,423321,-1
3465,進泰電子,,7663,0.1
3466,致振,,242986,1.4
3479,安勤,,165876,0.4
3481,群創,,19030309,-1.3
3483,力致,,128959,-0.3
3484,崧騰,,80819,-2.5
3489,森寶,,28842,0.5
3490,單井,,67508,0.2
3491,昇達科,,771513,-0.5
3492,長盛,,33192,-0.1
3494,誠研,,337665,-1.8
3498,陽程,,26853,3.8
3499,環天科,,310591,0
3501,維熹,,19208,3
3504,揚明光,,854210,-0.4
3508,位速,,828634,-0.2
3511,矽瑪,,154575,-0.2
3512,皇龍,,18372,-1.1
3515,華擎,,404917,-1.5
3516,亞帝歐,,28291,4.4
3518,柏騰,,63818,-2.1
3520,華盈,,488805,-1.1
3521,鴻翊,,220278,-1
3522,御頂,,27386,4.3
3523,迎輝,,19427,8.1
3526,凡甲,,128009,-0.3
3527,聚積,,103499,-1
3528,安馳,,6394,0.8
3529,力旺,,323695,-0.1
3530,晶相光,,72317,2.2
3531,先益,,39408,-0.8
3532,台勝科,,1237349,-1.4
3533,嘉澤,,266410,0.4
3535,晶彩科,,810720,0.1
3536,誠創,,9639,-2.6
3537,堡達,,66224,0.4
3540,曜越,,30043,2
3541,西柏,,37209,4.6
3543,州巧,,9360,2.4
3545,敦泰,,850037,-0.3
3546,宇峻,,43678,0.6
3548,兆利,,118290,0.2
3550,聯穎,,25073,1.8
3551,世禾,,44360,0.8
3552,同致,,660852,-0.2
3555,重鵬,,6709,0.2
3556,禾瑞亞,,84414,-0.9
3557,嘉威,,26229,-1
3558,神準,,1164911,0.2
3563,牧德,,33145,-7.3
3564,其陽,,36658,-1.3
3567,逸昌,,14739,-7.2
3570,大塚,,5327,6
3576,聯合再生,,1609609,1.5
3577,泓格,,34608,0.7
3580,友威科,,153614,1
3581,博磊,,15405,8.2
3583,辛耘,,307593,-0.5
3587,閎康,,200467,2.1
3588,通嘉,,238941,-0.5
3591,艾笛森,,104721,0.9
3592,瑞鼎,,197090,0.4
3593,力銘,,14910,1.1
3594,磐儀,,286241,-0.7
3596,智易,,918430,0.7
3597,映興,,19294,0.3
3605,宏致,,189361,0.1
3607,谷崧,,198520,1.8
3609,三一東林,,20378,3.1
3611,鼎翰,,9741,-3.7
3615,安可,,44336,6.1
3617,碩天,,71312,0.1
3622,洋華,,59447,6.4
3623,富晶通,,66632,0.6
3624,光頡,,1048478,-1.3
3625,西勝,,84555,-3.4
3628,盈正,,81598,-1.2
3629,地心引力,,2338,0.4
3630,新鉅科,,91007,1.5
3631,晟楠,,22291,-1
3632,研勤,,4446,5.7
3642,- -,,12600,4.1
3645,達邁,,551652,0.2
3646,艾恩特,,41423,-1
3652,精聯,,24541,3.4
3653,健策,,382710,0.2
3661,世芯-KY,,1132885,-0.3
3663,鑫科,,80023,2.4
3664,安瑞-KY,,58108,-5.1
3665,貿聯-KY,,724399,-0.9
3666,光耀,,60060,-0.7
3669,圓展,,90426,0.2
3672,康聯訊,,41652,4.4
3673,TPK-KY,,238530,-2.2
3675,德微,,493102,-0.7
3679,新至陞,,11788,2
3680,家登,,317974,0.1
3682,亞太電,,627120,12.3
3684,榮昌,,12042,-0.4
3685,元創精密,,61752,-4.2
3686,達能,,115870,3.4
3687,歐買尬,,297491,-0.6
3689,湧德,,190943,0.2
3691,碩禾,,90939,-2
3693,營邦,,113884,1.7
3694,海華,,68013,1
3701,大眾控,,471010,-0.9
3702,大聯大,,1934740,3
3702A,大聯大甲特,,37788,1.5
3703,欣陸,,630539,-0.9
3704,合勤控,,609228,3.8
3705,永信,,140866,-4.7
3706,神達,,651908,5
3707,漢磊,,2091900,-0.6
3708,上緯投控,,842014,0.5
3709,鑫聯大投控,,13179,2.7
3710,連展投控,,940528,-1.2
3711,日月光投控,,4641373,-0.9
3712,永崴投控,,122322,0.5
3713,新晶投控,,37248,-1.3
3714,富采,,2313724,-3.6
3715,定穎投控,,91148,-6.1
4102,永日,,468111,-0.1
4104,佳醫,,61529,0
4105,東洋,,285736,4.9
4106,雃博,,270826,0.7
4107,邦特,,38727,-5.3
4108,懷特,,44675,2.1
4109,加捷生醫,,53833,-0.2
4111,濟生,,58708,-1.3
4113,聯上,,73923,0.4
4114,健喬,,1950973,0.3
4116,明基醫,,712258,0
4119,旭富,,67014,1.9
4120,友華,,21026,0.5
4121,優盛,,543383,-0.1
4123,晟德,,244743,-2.9
4126,太醫,,30469,5.8
4127,天良,,90251,0.5
4128,中天,,1569347,-0.8
4129,聯合,,80663,3
4129A,聯合甲特,,5790,7.2
4130,健亞,,327611,0.7
4131,晶宇,,7856,8.9
4133,亞諾法,,753410,0.2
4137,麗豐-KY,,65835,-2.6
4138,曜亞,,7377,3.3
4139,馬光-KY,,45815,-0.7
4141,- -,,78647,- -
4142,國光生,,511796,1.1
4147,中裕,,202598,2.4
4148,全宇生技-KY,,216866,-0.6
4153,鈺緯,,44874,1.6
4154,樂威科-KY,,10743,0.3
4155,訊映,,152594,0.6
4157,太景*-KY,,783550,-0.2
4160,創源,,8156,-0.2
4161,聿新科,,33688,-0.6
4162,智擎,,1842058,0.1
4163,鐿鈦,,30160,0.1
4164,承業醫,,149214,4.7
4167,松瑞藥,,676606,-2.3
4168,醣聯,,451338,-1.4
4171,瑞基,,785673,-0.3
4173,久裕,,79311,0
4174,浩鼎,,235898,-1.9
4175,杏一,,61868,0.7
4183,福永生技,,4982,-0.5
4188,安克,,9904,-3.9
4190,佐登-KY,,30702,-1.6
4192,杏國,,26103,3
4198,欣大健康,,5578,6.4
4205,中華食,,3788,-5.4
4207,環泰,,177930,-2.1
4303,信立,,133935,-2.6
4304,勝昱,,26840,-4.6
4305,世坤,,2522,-5.3
4306,炎洲,,191046,7.7
4401,東隆興,,10205,0.2
4402,福大,,117533,-0.1
4406,新昕纖,,21903,9.1
4413,飛寶企業,,31113,-0.1
4414,- -,,636371,-0.4
4416,三圓,,3815,-0.4
4417,金洲,,18048,4.5
4419,元勝,,645,0
4420,光明,,5053,4.2
4426,利勤,,240923,1.5
4429,- -,,1695,- -
4430,耀億,,5454,-13
4432,銘旺實,,209278,0.7
4433,興采,,31437,0.6
4438,廣越,,54700,-1.3
4439,冠星-KY,,5399,-5.6
4440,宜新實業,,20694,-6.1
4502,健信,,5579,8.6
4503,金雨,,306090,0.2
4506,崇友,,12868,-7.4
4510,高鋒,,22460,-1.6
4513,福裕,,235314,1.6
4523,永彰,,36392,0.8
4526,東台,,35705,-0.2
4527,方土霖,,8045,-3.7
4528,江興鍛,,6309,3.4
4529,淳紳,,70803,-2
4530,宏易,,13478,1
4532,瑞智,,129500,-3.9
4533,協易機,,41227,-3.3
4534,慶騰,,70828,-1.6
4535,至興,,5878,12.5
4536,拓凱,,111677,-1
4538,大詠城,,3911,1
4540,全球傳動,,19431,-2.2
4541,晟田,,185893,0
4542,科嶠,,6756,2.5
4543,萬在,,282677,-0.8
4545,銘鈺,,31446,1.5
4549,桓達,,16298,1.3
4550,長佳,,9372,2.6
4551,智伸科,,229906,-1.1
4552,力達-KY,,17070,8.3
4554,橙的,,18726,-2.9
4555,氣立,,12834,11.2
4556,旭然,,1818,0.9
4557,永新-KY,,32338,-1.1
4558,寶緯,,10774,-0.2
4560,強信-KY,,24162,2.2
4561,健椿,,9847,7.2
4562,穎漢,,29798,1.6
4563,百德,,14248,0.2
4564,元翎,,69960,-2
4566,時碩工業,,101074,-2.8
4568,科際精密,,3436,0
4571,鈞興-KY,,8982,1.2
4572,駐龍,,88396,0.2
4576,大銀微系統,,24529,-0.9
4577,達航科技,,14712,0.7
4580,捷流閥業,,20936,-5.7
4581,光隆精密-KY,,2378,5.3
4583,台灣精銳,,9317,7.4
4584,君帆,,6542,5.3
4609,唐鋒,,4490,1.7
4702,中美實,,288872,-0.7
4706,大恭,,6118,1.5
4707,磐亞,,107735,-1.9
4711,永純,,16358,4.5
4712,南璋,,9276,-6.1
4714,永捷,,91343,8.3
4716,大立,,75906,-3.4
4720,德淵,,283579,1
4721,美琪瑪,,382732,-0.4
4722,國精化,,102563,-3.3
4726,永昕,,334001,-0.2
4728,雙美,,21802,3.4
4729,熒茂,,19846,2.1
4735,豪展,,17039,-1.7
4736,泰博,,414583,0.1
4737,華廣,,20551,3
4739,康普,,750619,-0.4
4741,泓瀚,,4833,-0.4
4743,合一,,1320108,-1.7
4744,皇將,,49753,1.9
4745,合富-KY,,31358,0.4
4746,台耀,,396529,2.6
4747,強生,,36277,-1.2
4754,國碳科,,8239,-13
4755,三福化,,763316,-0.6
4760,勤凱,,13292,0.7
4763,材料-KY,,250153,1.6
4764,雙鍵,,4930,0.3
4766,南寶,,25764,-5.2
4767,誠泰科技,,2407,1.6
4768,晶呈科技,,194663,-0.9
4770,上品,,180280,1.8
4804,大略-KY,,344770,-1.7
4806,昇華,,12558,3.9
4807,日成-KY,,6246,1.3
4903,聯光通,,34114,1.9
4904,遠傳,,2233365,5
4905,台聯電,,2530,1.2
4906,正文,,1129407,1.8
4907,富宇,,8889,5
4908,前鼎,,224369,1.1
4909,新復興,,47711,-2.1
4911,德英,,35890,0
4912,聯德控股-KY,,66466,-1.4
4915,致伸,,1405615,3.4
4916,事欣科,,158110,-0.6
4919,新唐,,3273502,0.3
4923,力士,,24359,-2.2
4924,欣厚-KY,,26758,-4.4
4927,泰鼎-KY,,722301,-4.1
4930,燦星網,,103576,-2.6
4931,新盛力,,2550848,-0.4
4933,友輝,,11323,4.4
4934,太極,,231895,0.5
4935,茂林-KY,,42402,3.2
4938,和碩,,2314966,5.7
4939,亞電,,107293,2.7
4942,嘉彰,,64763,-4.9
4943,康控-KY,,86202,-3.9
4944,兆遠,,14565,-7.9
4945,陞達科技,,46241,-0.4
4946,辣椒,,45874,-0.5
4950,牧東,,212959,0.7
4951,精拓科,,10283,-2.1
4952,凌通,,268534,-0.7
4953,緯軟,,59020,2.7
4956,光鋐,,93765,4.2
4958,臻鼎-KY,,1535747,6
4960,誠美材,,1253867,1
4961,天鈺,,690643,-1
4966,譜瑞-KY,,303791,-0.8
4967,十銓,,124784,7.8
4968,立積,,604335,-1.4
4971,IET-KY,,41731,3.5
4972,湯石照明,,5912,-9.6
4973,廣穎,,22203,0.8
4974,亞泰,,39112,-3.2
4976,佳凌,,212868,1
4977,眾達-KY,,361967,0.4
4979,華星光,,650985,3.5
4987,科誠,,6123,0.9
4989,榮科,,62226,1.5
4991,環宇-KY,,12644,8.7
4994,傳奇,,46495,-0.6
4995,晶達,,20551,-4.5
4999,鑫禾,,11563,7.1
5007,三星,,17551,-2.2
5009,榮剛,,2958274,1.7
5011,久陽,,372838,-0.2
5013,強新,,19057,4.1
5014,建錩,,376256,-0.7
5015,華祺,,72856,-0.8
5016,松和,,7957,-3.5
5102,- -,,11144,- -
5201,凱衛,,13327,6.7
5202,力新,,25737,0.2
5203,訊連,,50571,-2.6
5205,中茂,,4464,1.6
5206,坤悅,,22718,3.7
5209,新鼎,,7473,-1.7
5210,寶碩,,113004,-2.8
5211,蒙恬,,45649,-0.2
5212,凌網,,11696,-0.4
5213,亞昕,,46734,12.4
5215,科嘉-KY,,64754,-1.8
5220,萬達光電,,8159,-2.1
5222,全訊,,101528,-0.7
5223,安力-KY,,8478,6.9
5225,東科-KY,,214402,-0.8
5227,立凱-KY,,172966,-1.4
5228,鈺鎧,,24329,-0.9
5230,雷笛克光學,,18251,10.1
5234,達興材料,,75035,-6.2
5236,凌陽創新,,39142,-1.4
5243,乙盛-KY,,386246,0.3
5244,弘凱,,31968,3.1
5245,智晶,,113666,0
5251,天鉞電,,334969,-0.2
5258,虹堡,,1680587,-0.5
5263,智崴,,41053,1.5
5269,祥碩,,232781,-1.6
5272,笙科,,207309,0.2
5274,信驊,,158117,-0.7
5276,達輝-KY,,8718,-0.5
5278,尚凡,,4630,-0.7
5281,大峽谷-KY,,3551,3.6
5283,禾聯碩,,12891,-8.5
5284,jpp-KY,,90083,-1.7
5285,界霖,,131340,1.1
5287,數字,,11441,-16.5
5288,豐祥-KY,,37206,0
5289,宜鼎,,54164,-3.9
5291,邑昇,,40701,0.8
5299,杰力,,65250,-1.2
5301,寶得利,,39987,-2.2
5302,太欣,,36404,0.1
5306,桂盟,,37128,-12.7
5309,系統電,,889232,0.6
5310,天剛,,5222,6.8
5312,寶島科,,9188,-3.4
5314,世紀,,12947,0.8
5315,光聯,,45499,5.5
5321,美而快,,138462,-0.7
5324,士開,,19641,8.3
5328,華容,,55612,1.1
5340,建榮,,14630,4.9
5344,立衛,,67287,-1.9
5345,天揚,,2899,9.7
5347,世界,,2069806,-3
5348,系通,,9881,3.2
5351,鈺創,,1950541,-0.4
5353,台林,,519140,-0.8
5355,佳總,,40158,8
5356,協益,,20909,-2
5364,力麗店,,11209,1.9
5371,中光電,,497384,-5
5381,合正,,16770,9.4
5383,金利,,18831,-3.9
5386,青雲,,48395,0.2
5388,中磊,,1378210,0.9
5392,能率,,46556,0.6
5398,慕康生醫,,7856,-4.5
5403,中菲,,14909,-2.9
5410,國眾,,164127,2.6
5425,台半,,2926017,0.6
5426,振發,,167153,1.2
5432,新門,,10213,-1.3
5434,崇越,,115643,0.4
5438,東友,,11430,3
5439,高技,,42205,-1.2
5443,均豪,,84354,1.9
5450,南良,,31802,1.3
5452,佶優,,55422,3.2
5455,昇益,,1190,0.8
5457,宣德,,258645,-3.9
5460,同協,,17813,0.3
5464,霖宏,,76325,0.7
5465,富驊,,33712,2.5
5468,凱鈺,,78123,-0.2
5469,瀚宇博,,230188,-3.8
5471,松翰,,158844,-2.3
5474,聰泰,,20104,0.8
5475,德宏,,289021,-0.5
5478,智冠,,32529,-1
5481,新華,,24611,9.5
5483,中美晶,,1477675,-2.7
5484,慧友,,14851,2.9
5487,通泰,,2170,2
5488,松普,,91802,2.7
5489,彩富,,22970,1.7
5490,同亨,,25093,-1.5
5493,三聯,,18315,1.2
5498,凱崴,,153078,0.4
5508,永信建,,53449,-0.1
5511,德昌,,8559,0.8
5512,力麒,,88161,1.8
5514,三豐,,13883,1.1
5515,建國,,47251,4.6
5516,雙喜,,23396,0.1
5519,隆大,,100408,5.2
5520,力泰,,2602,-0.1
5521,工信,,141752,-3.3
5522,遠雄,,297637,0
5523,豐謙,,17293,10.4
5525,順天,,16457,7.2
5529,鉅陞,,16512,9.2
5530,龍巖,,118032,-1.7
5531,鄉林,,122119,5.9
5533,皇鼎,,135194,-3
5534,長虹,,76632,3
5536,聖暉*,,44839,-5.8
5538,東明-KY,,35839,0.4
5543,桓鼎-KY,,4141,3.9
5546,永固-KY,,15647,-0.8
5601,台聯櫃,,3637,8.6
5603,陸海,,209226,-2.3
5604,中連,,5825,-1.3
5607,遠雄港,,203292,-4.8
5608,四維航,,1967236,-1
5609,中菲行,,168748,0.6
5701,劍湖山,,38776,5.9
5703,亞都,,22410,-5.7
5704,老爺知,,90248,-0.1
5706,鳳凰,,968071,-0.3
5820,- -,,889039,- -
5864,致和證,,33106,3.4
5871,中租-KY,,1658842,-3
5871A,中租-KY甲特,,30628,-8.4
5876,上海商銀,,2075131,4.3
5878,台名,,1343,-5.6
5880,合庫金,,4459955,1.6
5902,德記,,26819,-0.5
5903,全家,,19658,-4.1
5904,寶雅,,141292,0.9
5905,南仁湖,,147057,0.2
5906,台南-KY,,5215,0.3
5907,大洋-KY,,48510,-0.9
6005,群益證,,736375,-7.1
6015,宏遠證,,235651,-4.5
6016,康和證,,263822,-3.1
6020,大展證,,10008,-1.2
6021,美好證,,8495,3.4
6023,元大期,,14637,13
6024,群益期,,28072,-5.3
6026,福邦證,,404876,-6
6101,寬魚國際,,11346,-0.2
6103,合邦,,2342,0
6104,創惟,,2926585,-0.4
6108,競國,,77190,-0.1
6109,亞元,,228737,-2.3
6111,大宇資,,261290,-2.6
6112,邁達特,,21342,-8.5
6113,亞矽,,467925,-0.2
6114,久威,,144711,-0.7
6115,鎰勝,,24878,-14.4
6116,彩晶,,2932584,1.5
6117,迎廣,,82535,-4.6
6118,建達,,1355338,-0.3
6120,達運,,529905,-2.6
6121,新普,,165444,-2.4
6122,擎邦,,335853,-0.1
6123,上奇,,19128,6
6124,業強,,58108,-0.7
6125,廣運,,735691,-1.3
6126,信音,,101349,1.7
6127,九豪,,82423,2.1
6128,上福,,31024,-1.2
6129,普誠,,889772,-0.1
6130,星寶國際,,44344,1.5
6133,金橋,,1942641,-0.6
6134,萬旭,,186438,0.6
6136,富爾特,,25105,12.1
6138,茂達,,468374,-1.9
6139,亞翔,,176367,6.4
6140,訊達,,77791,0.2
6141,柏承,,37784,4.8
6142,友勁,,128289,-6
6143,振曜,,371695,3.4
6144,得利影,,3890,0.1
6146,耕興,,103990,-2.1
6147,頎邦,,848271,-0.9
6148,驊宏資,,34015,2.7
6150,撼訊,,396695,-0.7
6151,晉倫,,20679,-2.9
6152,百一,,112857,1.6
6153,嘉聯益,,1046355,1.3
6154,順發,,10454,4.6
6155,鈞寶,,32505,0.7
6156,松上,,129924,0.3
6158,禾昌,,68693,-1
6160,欣技,,106571,-0.1
6161,捷波,,102644,-1
6163,華電網,,96598,0
6164,華興,,136599,0.3
6165,浪凡,,40600,5.7
6166,凌華,,30987,-1.9
6167,久正,,210182,1.8
6168,宏齊,,112003,0.8
6169,昱泉,,11978,-0.3
6170,統振,,113576,2.8
6171,大城地產,,17692,4.6
6173,信昌電,,61170,0.6
6174,安碁,,66440,-0.9
6175,立敦,,88988,2.5
6176,瑞儀,,567784,5.5
6177,達麗,,113314,3.3
6179,亞通,,32328,6.5
6180,橘子,,217169,5.6
6182,合晶,,2056547,-3.8
6183,關貿,,15154,4.4
6184,大豐電,,13047,11.4
6185,幃翔,,81864,-1.5
6186,新潤,,96456,11.8
6187,萬潤,,289809,-2.9
6188,廣明,,275545,-2.1
6189,豐藝,,78141,-12.8
6190,萬泰科,,597037,0.6
6191,精成科,,356282,-0.8
6192,巨路,,30471,-9
6194,育富,,16230,3.7
6195,詩肯,,11011,-17.5
6196,帆宣,,247958,-1.5
6197,佳必琪,,107600,0
6198,瑞築,,5102,-3.9
6199,天品,,15354,1.7
6201,亞弘電,,4385,-5.2
6202,盛群,,347499,-4.9
6203,海韻電,,35992,-4.4
6204,艾華,,7147,-2.3
6205,詮欣,,777053,-0.1
6206,飛捷,,238886,-2.3
6207,雷科,,55874,0.5
6208,日揚,,72246,7.3
6209,今國光,,117531,1.7
6210,慶生,,4305,1.1
6212,理銘,,2408,0.1
6213,聯茂,,583082,-3
6214,精誠,,96424,-10.3
6215,和椿,,63299,-3
6216,居易,,144620,0.2
6217,中探針,,972185,-0.7
6218,豪勉,,19999,-0.2
6219,富旺,,614297,0.2
6220,岳豐,,309288,0.9
6221,晉泰,,8980,9.9
6222,上揚,,15699,-0.3
6223,旺矽,,346748,2.4
6224,聚鼎,,51937,-1.9
6225,天瀚,,23887,0.1
6226,光鼎,,777574,0.3
6227,茂綸,,61582,-0.8
6228,全譜,,34872,-1.6
6229,研通,,43119,-1.1
6230,尼得科超眾,,12716,1.5
6231,系微,,128143,0.3
6233,旺玖,,159309,-0.9
6234,高僑,,66320,-2
6235,華孚,,2648243,0
6236,康呈,,403,0
6237,驊訊,,337956,0.1
6239,力成,,990168,-3.7
6240,松崗,,34295,0.2
6241,易通展,,100100,-3.8
6242,立康,,20587,-1.7
6243,迅杰,,78144,0.3
6244,茂迪,,661323,-0.7
6245,立端,,705474,1.8
6246,臺龍,,11399,5.5
6247,淇譽電,,8411,19
6248,沛波,,43788,1.9
6251,- -,,1069882,- -
6257,矽格,,522273,-2
6259,百徽,,28473,-3
6261,久元,,78952,0.1
6263,普萊德,,11320,1.2
6264,富裔,,26697,5.4
6265,方土昶,,400623,0.3
6266,泰詠,,383386,-0.3
6269,台郡,,509605,7
6270,倍微,,32724,2
6271,同欣電,,560500,-1.3
6274,台燿,,626433,-5.3
6275,元山,,156184,0.4
6276,安鈦克,,23513,0.1
6277,宏正,,14305,-2.2
6278,台表科,,778534,-1.1
6279,胡連,,593214,0.4
6281,全國電,,9336,-2.2
6282,康舒,,1025834,0.2
6283,淳安,,114258,1
6284,佳邦,,97045,2.3
6285,啟碁,,1090613,2.6
6287,元隆,,14767,-3
6288,聯嘉,,176738,-0.8
6289,- -,,29220,- -
6290,良維,,401326,2.6
6291,沛亨,,7276,4.9
6292,迅德,,14043,0
6294,智基,,8062,-17.4
6404,通訊-KY,,882,0.4
6405,悅城,,14712,1.2
6409,旭隼,,71804,0.2
6411,晶焱,,369575,-1.8
6412,群電,,91358,-1.1
6414,樺漢,,242857,0.6
6415,矽力*-KY,,581183,-0.6
6416,瑞祺電通,,46793,5.6
6417,韋僑,,13449,1.4
6418,詠昇,,58849,0.4
6419,京晨科,,7480,2.1
6425,易發,,21132,-1.1
6426,統新,,50492,1
6431,光麗-KY,,17875,-1
6432,今展科,,44621,-0.5
6435,大中,,111816,-0.1
6438,迅得,,235690,-0.2
6441,廣錠,,58541,0.9
6442,光聖,,227913,-0.8
6443,元晶,,4804940,0.1
6446,藥華藥,,372927,1
6449,鈺邦,,11308,9.2
6451,訊芯-KY,,51110,5.4
6456,GIS-KY,,362936,0.5
6457,紘康,,65392,-4.5
6461,益得,,913390,-0.1
6462,神盾,,58817,-0.3
6464,台數科,,19692,2.2
6465,威潤,,39982,-0.5
6469,大樹,,217246,1.1
6470,宇智,,395328,-0.4
6472,保瑞,,485982,1.1
6477,安集,,1309982,-0.6
6482,弘煜科,,3544,4.2
6485,點序,,204634,-0.1
6486,互動,,9834,-9.9
6488,環球晶,,744792,-3.1
6491,晶碩,,162968,1.3
6492,生華科,,76523,-1.1
6494,九齊,,68683,-1.7
6496,科懋,,4499,4.8
6499,益安,,54428,-2.9
6504,南六,,18705,9.3
6505,台塑化,,992649,-3.7
6506,雙邦,,32609,-0.9
6508,惠光,,911113,-0.3
6509,聚和,,364992,1.1
6510,精測,,52918,-1.4
6512,啟發電,,16144,2.6
6514,芮特-KY,,61747,0.6
6515,穎崴,,150249,1
6516,勤崴國際,,5911,4
6517,保勝光學,,28513,-3.5
6523,達爾膚,,48757,0.3
6525,捷敏-KY,,54391,-1.1
6527,明達醫,,33296,-2.6
6530,創威,,55668,0.4
6531,愛普*,,896804,-1.2
6532,瑞耘,,89878,1.1
6533,晶心科,,667475,0
6535,順藥,,84724,1.2
6538,倉和,,68638,0.6
6541,泰福-KY,,259545,-2.9
6542,隆中,,7111,0.6
6546,正基,,186730,-2.5
6547,高端疫苗,,662491,-0.5
6548,長科*,,197076,-0.7
6550,北極星藥業-KY,,1029008,-1.2
6552,易華電,,14380,-1.1
6556,勝品,,8859,-2.9
6558,興能高,,42985,0.1
6560,欣普羅,,15479,-11.1
6561,是方,,6697,1.9
6568,宏觀,,145953,-1.5
6569,醫揚,,4453,-2.1
6570,維田,,102318,-2.1
6573,虹揚-KY,,30130,1.1
6574,霈方,,1698,-0.1
6576,逸達,,170227,2.1
6577,勁豐,,2855,-8.2
6578,達邦蛋白,,190059,-1.3
6579,研揚,,22331,5.3
6581,鋼聯,,52741,0.8
6582,申豐,,55303,-6.6
6585,鼎基,,34508,0.1
6588,東典光電,,5070,-5
6589,台康生技,,925305,0.4
6590,普鴻,,2952,2.8
6591,動力-KY,,55990,-0.8
6592,和潤企業,,185035,-2
6592A,和潤企業甲特,,3014,22.7
6593,台灣銘板,,11122,0.6
6594,展匯科,,16487,-0.5
6596,寬宏藝術,,6314,-7.7
6598,ABC-KY,,245365,-1
6603,富強鑫,,328074,0.6
6605,帝寶,,230916,1.4
6609,瀧澤科,,94698,-0.1
6612,奈米醫材,,37963,0.8
6613,朋億*,,12653,-1.6
6615,慧智,,3105,-1
6616,特昇-KY,,66425,-2.8
6624,萬年清,,4429,11.7
6625,必應,,17284,-2.6
6629,泰金-KY,,1339,-0.5
6640,均華,,2757,5.1
6641,基士德-KY,,2900,-3.8
6642,富致,,10770,-4.5
6643,M31,,257279,0.9
6649,台生材,,45073,-1.6
6651,全宇昕,,26650,-2.9
6654,天正國際,,7753,-1.5
6655,科定,,10684,3
6661,威健生技,,4800,-1.7
6662,樂斯科,,4689,-5
6664,群翊,,52801,0.6
6666,羅麗芬-KY,,45006,-1.8
6667,信紘科,,84077,0.8
6668,中揚光,,59865,-1.5
6669,緯穎,,305187,-0.5
6670,復盛應用,,84704,-2.4
6671,三能-KY,,5293,-2.3
6672,騰輝電子-KY,,73710,0.2
6674,鋐寶科技,,5847,6.9
6679,鈺太,,154746,-2.1
6680,鑫創電子,,1837,2.1
6683,雍智科技,,57422,-4.4
6684,安格,,33852,-3.4
6689,伊雲谷,,24475,-6.7
6690,安碁資訊,,6394,1.1
6691,洋基工程,,18403,-0.2
6693,廣閎科,,26407,-0.7
6695,芯鼎,,31206,-4.5
6697,東捷資訊,,1590,1.3
6698,旭暉應材,,47007,1.9
6703,軒郁,,13699,-1.2
6706,惠特,,348036,-3.9
6708,天擎,,3740,-9.1
6712,長聖,,269215,-0.5
6715,嘉基,,104001,0.8
6716,應廣,,5734,1.6
6719,力智,,381577,-2.1
6721,信實,,4538,-7.8
6727,亞泰金屬,,27785,-2.3
6728,上洋,,14710,-3.9
6732,昇佳電子,,41704,-2.2
6733,博晟生醫,,35755,-7.3
6735,美達科技,,8389,1.6
6741,91APP*-KY,,138084,-3.6
6743,安普新,,59261,-0.5
6747,亨泰光,,7221,-21.6
6751,智聯服務,,10490,-2.5
6752,叡揚,,7157,-0.8
6754,匯僑設計,,27069,-1.1
6756,威鋒電子,,165029,-0.9
6761,穩得,,7707,1.5
6762,達亞,,1715,2.4
6763,綠界科技,,8364,-2.1
6767,台微醫,,20437,-3.6
6768,志強-KY,,126031,-2.3
6770,力積電,,5910332,-2.2
6776,展碁國際,,12280,-2
6781,AES-KY,,281321,-1.2
6782,視陽,,27644,0.8
6788,華景電,,114994,-1.9
6789,采鈺,,139825,-3.9
6790,永豐實,,21890,-11.5
6791,虎門科技,,3934,3
6792,詠業,,33894,0.6
6796,晉弘,,53296,-3.3
6799,來頡,,48253,-0.4
6803,崑鼎,,7161,-3.7
6804,明係,,10583,0.5
6806,森崴能源,,267581,-0.8
6807,峰源-KY,,9094,-5.6
6811,宏碁資訊,,14421,5.5
6823,濾能,,7322,1.3
6829,千附精密,,44460,-3
6830,汎銓,,14803,-2.6
6834,天二科技,,11195,-1
6835,圓裕,,12957,5.1
6843,進典,,9530,1.3
6854,錼創科技-KY創,,16648,-8.2
6855,數泓科,,3693,1.9
6859,伯特光,,6208,2.5
6874,倍力,,3416,0.4
7402,邑錡,,5371,2.7
7556,意德士,,3790,7.1
8011,台通,,134890,-0.1
8016,矽創,,321812,-3.6
8021,尖點,,124327,-2.1
8024,佑華,,78357,1.9
8027,鈦昇,,150364,-1.6
8028,昇陽半導體,,1405099,-0.2
8032,光菱,,36289,-0.9
8033,雷虎,,540136,0
8034,榮群,,76412,1.8
8038,長園科,,57773,-0.2
8039,台虹,,82400,0
8040,九暘,,325812,0.2
8042,金山電,,9312,12.9
8043,蜜望實,,37981,1.1
8044,網家,,309781,-3.5
8046,南電,,2189703,-2.4
8047,星雲,,11040,6.5
8048,德勝,,13760,-0.5
8049,晶采,,159572,1.4
8050,廣積,,1021529,0.8
8054,安國,,262396,-0.4
8059,凱碩,,19194,5.6
8064,東捷,,76856,0
8066,來思達,,13688,0.7
8067,志旭,,8317,-0.7
8068,全達,,26978,-3.3
8069,元太,,6103666,0.2
8070,長華*,,284043,6.6
8071,能率網通,,308149,1.5
8072,陞泰,,73793,-3.1
8074,鉅橡,,43043,0.6
8076,伍豐,,260118,-1.3
8077,洛碁,,3273,1.5
8080,永利聯合,,5168,10.9
8081,致新,,136769,-4.8
8083,瑞穎,,18735,1.6
8084,巨虹,,89645,-1.6
8085,福華,,118387,8.3
8086,宏捷科,,419269,-1.5
8087,華鎂鑫,,50442,-3.8
8088,品安,,36628,5
8089,康全電訊,,33403,-0.2
8091,翔名,,148528,-0.1
8092,建暐,,34396,4.2
8093,保銳,,23730,1.6
8096,擎亞,,385778,0.1
8097,常珵,,291545,-1.2
8099,大世科,,24906,9.5
8101,華冠,,44266,5.1
8103,瀚荃,,109406,-0.3
8104,錸寶,,266099,-2.5
8105,凌巨,,356786,1
8107,大億金茂,,52051,0.6
8109,博大,,18534,0.9
8110,華東,,279818,1.8
8111,立碁,,161817,-0.6
8112,至上,,588242,-6.2
8112A,至上甲特,,14502,-10.9
8114,振樺電,,442070,-0.4
8121,越峰,,258145,-0.6
8131,福懋科,,79373,-1.7
8147,正淩,,46900,-0.4
8150,南茂,,1116362,-4.5
8155,博智,,451273,-1.1
8163,達方,,198226,-0.7
8171,天宇,,152185,-0.3
8176,智捷,,41281,-0.5
8182,加高,,33816,8.4
8183,精星,,722122,-0.1
8201,無敵,,265468,-0.1
8210,勤誠,,92884,-0.6
8213,志超,,243403,0.3
8215,明基材,,432197,0.4
8222,寶一,,756476,-0.1
8227,巨有科技,,15140,-4
8234,新漢,,205530,1.7
8240,華宏,,11799,5.4
8249,菱光,,40641,1.8
8255,朋程,,319671,0.4
8261,富鼎,,958833,-0.2
8271,宇瞻,,95562,1.5
8277,商丞,,27921,-0.3
8279,生展,,19022,6.5
8284,三竹,,22910,1.3
8289,泰藝,,159484,2
8291,尚茂,,4126,1
8299,群聯,,551324,0.1
8341,日友,,78549,-6.9
8342,益張,,2480,7.8
8349,恒耀,,93083,-1.5
8349A,恒耀國際股份有限公司甲種特別股,,1629,8
8354,冠好,,13056,-13.9
8358,金居,,672002,-1.8
8367,建新國際,,29485,3.8
8374,羅昇,,16382,7.7
8383,千附,,49508,1.4
8390,金益鼎,,248402,0.2
8401,白紗科,,127097,-1
8403,盛弘,,215984,1.9
8404,百和興業-KY,,51992,-0.8
8406,- -,,20427,- -
8409,商之器,,58684,-0.9
8410,森田,,6072,6.1
8411,福貞-KY,,46708,0.1
8415,大國鋼,,531766,5.3
8416,實威,,3645,-3.9
8418,捷必勝-KY,,9897,-2.1
8420,明揚,,80722,-1.2
8421,旭源,,335408,-0.5
8422,可寧衛,,68944,-9.3
8423,保綠-KY,,1514,-5.5
8424,惠普,,4442,1
8426,紅木-KY,,27905,3.3
8427,- -,,3776,- -
8429,金麗-KY,,75383,1.6
8431,匯鑽科,,74837,3.7
8432,東生華,,25060,2.6
8433,弘帆,,31811,-0.3
8435,鉅邁,,6206,-3.1
8436,大江,,240760,0
8437,大地-KY,,5327,-21.7
8438,昶昕,,17692,-4.5
8440,綠電,,878868,-0.4
8442,威宏-KY,,38147,-0.6
8443,阿瘦,,17873,-0.7
8444,綠河-KY,,11648,-1.9
8446,華研,,9697,-1.7
8450,霹靂,,159001,-0.5
8454,富邦媒,,236763,-1.7
8455,大拓-KY,,2522,3.5
8462,柏文,,12962,2.3
8463,潤泰材,,50884,-3.4
8464,億豐,,209590,-1.1
8466,美吉吉-KY,,10864,-3.3
8467,波力-KY,,32860,-0.5
8472,夠麻吉,,2256,2
8473,山林水,,10759,-2
8476,台境,,30502,1.8
8477,創業家,,11710,-2.4
8478,東哥遊艇,,937646,0.2
8480,- -,,6333,- -
8481,政伸,,10067,-17
8482,商億-KY,,5336,2.1
8488,吉源-KY,,3881,2.7
8489,三貝德,,26253,-1.4
8499,鼎炫-KY,,7541,-2.3
8905,裕國,,86377,2.7
8906,花王,,9424,3.3
8908,欣雄,,11632,-14.1
8916,光隆,,287332,0.3
8916A,光隆甲特,,15937,11.7
8917,欣泰,,1611,2.6
8921,沈氏,,3194,0.9
8923,時報,,3065,4.1
8924,大田,,109903,-2.6
8926,台汽電,,187894,-4.5
8927,北基,,126135,4.9
8928,鉅明,,117778,0.6
8929,富堡,,7759,-1.9
8930,青鋼,,89995,0.6
8931,大汽電,,28267,2.2
8932,宏大,,110591,3.2
8933,愛地雅,,1125165,1
8935,邦泰,,36622,13
8936,國統,,141621,1.8
8937,合騏,,19856,0.5
8938,明安,,240059,0.9
8940,新天地,,36837,-0.3
8941,關中,,17455,0.4
8942,森鉅,,40904,-2.1
8996,高力,,1699968,0.8
9103,美德醫療-DR,,313502,2.4
910322,康師傅-DR,,8302,2.3
9105,泰金寶-DR,,719237,-1.7
910861,神州-DR,,64053,0.2
9110,越南控-DR,,22765,19.9
911608,明輝-DR,,68269,2.1
911622,泰聚亨-DR,,23860,14.5
911868,同方友友-DR,,79136,8.2
912000,晨訊科-DR,,108735,8.1
9136,巨騰-DR,,177124,1
9188,- -,,53975,- -
9802,鈺齊-KY,,694067,1.8
9902,台火,,55912,4.5
9904,寶成,,2433831,-0.5
9905,大華,,16136,-6
9906,欣巴巴,,18933,1.5
9907,統一實,,1340888,3.9
9908,大台北,,25603,-10.4
9910,豐泰,,439333,-0.4
9911,櫻花,,52874,-12
9912,偉聯,,41860,0.1
9914,美利達,,285348,-3.9
9917,中保科,,83310,-7.2
9918,欣天然,,5602,1.9
9919,康那香,,1169266,0.2
9921,巨大,,362308,-3
9924,福興,,36524,-0.1
9925,新保,,39224,-6.2
9926,新海,,3927,-6.4
9927,泰銘,,84316,-3.7
9928,中視,,47475,-3.9
9929,秋雨,,34037,-0.9
9930,中聯資源,,18709,7.6
9931,欣高,,2341,-5
9933,中鼎,,794804,3.6
9934,成霖,,88085,0.1
9935,慶豐富,,39077,2.6
9937,全國,,19795,0.6
9938,百和,,268979,-7.8
9939,宏全,,285128,4
9940,信義,,109677,-1.3
9941,裕融,,213713,-6.3
9941A,裕融企業甲種特別股,,9294,3.2
9942,茂順,,76702,1.6
9943,好樂迪,,15345,1.4
9944,新麗,,47022,-0.5
9945,潤泰新,,1950247,-1.3
9946,三發地產,,23431,-0.4
9949,琉園,,19509,12.1
9950,萬國通,,9286,8
9951,皇田,,21785,-4.1
9955,佳龍,,421056,0.1
9958,世紀鋼,,838672,-0.4
9960,邁達康,,12067,-1.4
9962,有益,,244219,2
